lambda,u_pop,sigma,rho,frac_I3,frac_R1,frac_D2
0.00,0.0000,0.000,0.0,0.00,1.00,0.00
0.00,0.0000,0.010,0.0,0.00,1.00,0.00
0.00,0.0000,0.010,0.8,0.00,1.00,0.00
0.02,0.0003,0.000,0.0,0.00,1.00,0.00
0.02,0.0003,0.010,0.0,0.00,1.00,0.00
0.02,0.0003,0.010,0.8,0.00,1.00,0.00
0.05,0.0018,0.000,0.0,0.00,0.00,1.00
0.05,0.0018,0.010,0.0,0.00,1.00,0.00
0.05,0.0018,0.010,0.8,0.00,1.00,0.00
0.10,0.0072,0.000,0.0,0.00,0.00,1.00
0.10,0.0072,0.010,0.0,0.00,1.00,0.00
0.10,0.0072,0.010,0.8,0.00,1.00,0.00
0.20,0.0282,0.000,0.0,0.00,0.00,1.00
0.20,0.0282,0.010,0.0,0.00,1.00,0.00
0.20,0.0282,0.010,0.8,0.00,1.00,0.00
0.50,0.1536,0.000,0.0,1.00,0.00,0.00
0.50,0.1536,0.010,0.0,1.00,0.00,0.00
0.50,0.1536,0.010,0.8,1.00,0.00,0.00
1.00,0.4206,0.000,0.0,1.00,0.00,0.00
1.00,0.4206,0.010,0.0,1.00,0.00,0.00
1.00,0.4206,0.010,0.8,1.00,0.00,0.00
