0.0146564,0.0135852,0.00758414,0.0110575
0.0173801,0.0256457,0.00984021,0.00940456
0.0134976,0.0111603,0.0070714,0.00892434
0.0176886,0.0147287,0.00852666,0.00451876
0.0136177,0.0158357,0.00621458,0.00554988
0.0139496,0.0143812,0.0069257,0.0116594
0.0224031,0.0150046,0.0128259,0.00753468
0.0219478,0.01732,0.0123937,0.00876978
0.0146585,0.0153458,0.00664281,0.00515028
0.013039,0.014998,0.00621281,0.0118635
0.0196144,0.014829,0.01045,0.0148191
0.0157334,0.0220209,0.00761348,0.0109282
0.0209485,0.0105537,0.0123861,0.0101195
0.0174737,0.0221977,0.00949629,0.0100892
0.0184095,0.0179269,0.00925329,0.00575542
0.0166108,0.0122785,0.00930022,0.0100805
0.0177353,0.0210494,0.00956482,0.0101763
0.0195432,0.0164304,0.0112237,0.00823435
0.0197925,0.0203374,0.0117437,0.00729321
0.0261301,0.0145634,0.0153748,0.0146443
0.0159365,0.012294,0.00869263,0.00979317
0.0166877,0.014034,0.00762021,0.00418916
0.015059,0.021099,0.00717816,0.0101015
0.0172464,0.0158462,0.00849077,0.00641948
0.0141517,0.0131371,0.00728492,0.0106098
0.0189364,0.0237449,0.0107189,0.00901914
0.0186734,0.0211511,0.00966204,0.00660901
0.0149307,0.0136463,0.00775183,0.0110006
0.0173252,0.0151693,0.00935335,0.0130769
0.0197131,0.0186955,0.0110296,0.0098551
0.0245995,0.0102125,0.0158153,0.00884676
0.0175054,0.0267436,0.00995457,0.0105831
0.0189136,0.0227207,0.0105145,0.00963755
0.0118506,0.0113243,0.00580109,0.00947651
0.0159138,0.0153756,0.00739819,0.00493103
0.015988,0.0198057,0.00857076,0.00709176
0.0286166,0.0132246,0.0185041,0.00296794
0.0165895,0.019624,0.00840545,0.00714223
0.0220746,0.0267598,0.0134901,0.00978355
0.0265885,0.00978076,0.0174755,0.00928824
0.0125283,0.0155382,0.00547734,0.00543526
0.018864,0.0175498,0.0102025,0.00788569
0.0204406,0.0138728,0.0113637,0.0127758
0.0151318,0.0167625,0.00710956,0.00707037
0.0206553,0.0128064,0.0122858,0.0100644
0.0176844,0.0136576,0.00934228,0.0121604
0.0144831,0.0268184,0.00777038,0.0112063
0.0126018,0.0119181,0.00519211,0.0031848
0.0125336,0.0128379,0.00634815,0.0118099
0.0157232,0.0148616,0.00727487,0.0148543
0.0189857,0.0126573,0.0104109,0.0116714
0.0168088,0.0140244,0.00845845,0.0131274
0.0157879,0.0259216,0.00872066,0.0100381
0.0203529,0.0145408,0.0109797,0.0142045
0.0140071,0.0152718,0.00687079,0.0123477
0.0217211,0.0129055,0.0123676,0.012905
0.0126737,0.0078889,0.00711575,0.00788461
0.0190084,0.0253369,0.0107915,0.00939367
0.01657,0.0271507,0.00940272,0.0104332
0.014778,0.0152222,0.00656573,0.00502396
0.0230994,0.00740162,0.0152427,0.00733502
0.0174584,0.024669,0.00981243,0.00944679
0.0231459,0.0122456,0.0143247,0.0106311
0.0187977,0.0183979,0.0101008,0.00926944
0.0181421,0.0189687,0.00964973,0.00892121
0.0225458,0.0169486,0.0129996,0.00773814
0.0149856,0.012906,0.00790114,0.0103965
0.0179358,0.0123564,0.00954868,0.0124682
0.0181555,0.0166249,0.00877604,0.00389119
0.0194789,0.0113723,0.0110227,0.0112217
0.0137586,0.0108528,0.00727787,0.0085172
0.0183312,0.0206279,0.00981394,0.00984881
0.0181,0.0133304,0.00956898,0.0125264
0.0208803,0.0264361,0.0127642,0.00955394
0.0194881,0.022156,0.00937373,0.0066484
0.0149758,0.0181794,0.00767283,0.0100313
0.0151605,0.00945342,0.00860175,0.00907047
0.0221266,0.013836,0.0126483,0.0125917
0.0162298,0.00877663,0.00961435,0.00877672
0.0193777,0.0175899,0.0104491,0.00770559
0.022234,0.0174164,0.0116902,0.0174096
0.0163256,0.0279908,0.00910464,0.0112678
0.0196979,0.0241862,0.0111011,0.00891712
0.0123562,0.0121684,0.00603037,0.00919177
0.0149107,0.0172888,0.00695758,0.00719863
0.0141781,0.0238716,0.00738931,0.0083375
0.0186511,0.0192133,0.00929206,0.00642832
0.014704,0.020875,0.00781795,0.00773613
0.0179477,0.0157001,0.00960315,0.0116124
0.0138093,0.0251403,0.00774032,0.0107288
0.0274565,0.00801532,0.0185137,0.00776007
0.0133515,0.0184206,0.00586437,0.00675995
0.0149362,0.0192576,0.00743507,0.00950511
0.0194202,0.0147186,0.010491,0.00532192
0.0236311,0.0150369,0.0135746,0.00736626
0.0191556,0.0109392,0.0110187,0.00986536
0.0133247,0.0124726,0.00542664,0.00354858
0.0149981,0.0141032,0.00771625,0.011667
0.0176558,0.0156206,0.00951411,0.00586799
0.0173878,0.0167747,0.00930366,0.00664162
0.0210581,0.0145759,0.0114617,0.00490887
0.0200371,0.0178902,0.0109993,0.00872188
0.011535,0.0183307,0.00512782,0.00693082
0.0170472,0.0176033,0.0079246,0.00493632
0.0151894,0.0102184,0.00845794,0.00864189
0.012112,0.0170653,0.00534528,0.00610092
0.0159864,0.0175558,0.0078925,0.00765304
0.0175541,0.0138604,0.00971974,0.0113015
0.0278422,0.0152263,0.0166122,0.0151997
0.013364,0.0168964,0.00602375,0.00609447
0.0146728,0.00979062,0.00814524,0.00841347
0.0187799,0.00992323,0.0112939,0.00883281
0.0242984,0.0106443,0.0155293,0.00923502
0.0159395,0.0158929,0.00717168,0.0159202
0.0246692,0.0226533,0.0152018,0.00759563
0.016998,0.019642,0.00900102,0.009769
0.0157532,0.0196156,0.00809371,0.0110945
0.0197454,0.014965,0.00948344,0.00292992
0.014647,0.0154002,0.00658915,0.00507655
0.0200865,0.0206397,0.010818,0.00627721
0.016969,0.0113924,0.00970211,0.0109107
0.0148876,0.0120302,0.0079365,0.0095644
0.0166284,0.0225264,0.00866022,0.0077754
0.0164435,0.018151,0.0087196,0.0106255
0.0176756,0.0155746,0.00844452,0.00474344
0.0150422,0.0277313,0.00849825,0.0108337
0.0222667,0.0256332,0.0135148,0.0096275
0.0135563,0.0150911,0.00622438,0.00526717
0.0164826,0.00859356,0.00978734,0.00770459
0.0199335,0.017954,0.0111267,0.0070032
0.013623,0.0148247,0.00581049,0.00438202
0.019264,0.0138036,0.0110434,0.011564
0.0169609,0.0252294,0.00931632,0.00977507
0.0275602,0.0170757,0.0171183,0.00537889
0.0189308,0.0126364,0.0102912,0.0126363
0.0177146,0.0226551,0.00989662,0.00866336
0.020957,0.0129414,0.0125225,0.0101356
0.0158788,0.00931027,0.00918629,0.00864578
0.0165601,0.0135061,0.0090545,0.0109716
0.0212562,0.00858009,0.0135244,0.00825077
0.0190568,0.0155056,0.0101503,0.00576462
0.0167625,0.0111017,0.00959822,0.0101569
0.0138154,0.00835491,0.00786204,0.00835458
0.013266,0.0169584,0.00605911,0.00801875
0.0135655,0.0108758,0.00710809,0.00843121
0.0207166,0.0138708,0.0113469,0.0137068
0.0173735,0.0141686,0.00957418,0.0116174
0.0174777,0.01746,0.00942461,0.00680146
0.0128212,0.0180706,0.00569656,0.00557997
0.0173397,0.0170341,0.0093421,0.00678762
