r_p,T_3 (K),eps_r,P,A
8.425049171,1630.288474,0.95,0.5166837782,0.6323243602
8.38880356,1628.674524,0.95,0.5166730876,0.632451548
8.272017606,1623.424739,0.95,0.5166313819,0.6328590908
8.218207073,1620.970664,0.95,0.5166058662,0.6330434479
7.982565931,1610.140173,0.95,0.5164941441,0.6338675301
7.976421963,1609.850632,0.95,0.516489822,0.6338881344
7.688767971,1596.293699,0.95,0.5163148424,0.6348989949
7.688011331,1596.258933,0.95,0.5163146923,0.6349019862
7.427426537,1583.510596,0.9499997896,0.5160784612,0.6357871201
7.324093467,1578.35495,0.9499997942,0.5159701292,0.6361356496
6.816658604,1552.375972,0.9499979618,0.5153579141,0.637866908
6.346192988,1526.641379,0.949999987,0.5144817436,0.6393444283
6.285754736,1523.288653,0.95,0.514364959,0.6395409235
6.282489896,1523.100642,0.9499999854,0.5143568027,0.6395499946
6.260487584,1521.854066,0.9499999999,0.5143076329,0.6396163779
5.756955055,1492.289286,0.949999114,0.5129512464,0.6410237551
5.716239429,1489.664812,0.9499935985,0.512777827,0.6410890385
5.604670711,1482.921929,0.9499999006,0.5124388643,0.641395032
5.582471999,1481.515595,0.9499984912,0.5123524204,0.6414400622
5.577844001,1481.237643,0.9499984912,0.5123387976,0.6414533341
5.425431894,1471.670046,0.95,0.5117762964,0.6418005795
5.385003906,1469.081077,0.9499999815,0.5116126953,0.6418828095
5.384103804,1469.025295,0.9499999974,0.5116095823,0.64188511
5.263865479,1461.207324,0.95,0.5110891503,0.642106966
5.235980027,1459.345627,0.95,0.5109544716,0.6421477625
5.121239469,1451.709011,0.9499999783,0.5104049167,0.642324675
5.088524641,1449.507669,0.9499999971,0.5102406785,0.6423701308
5.086305626,1449.370669,0.9499999971,0.5102330099,0.6423762002
5.060819564,1447.694849,0.9499999983,0.5101158193,0.6424212545
4.992113664,1442.776208,0.9499982825,0.509683758,0.6424451882
4.97161123,1441.649086,0.9499953059,0.5096498185,0.6425332596
4.958880617,1440.797745,0.9499999931,0.5095889648,0.6425555334
4.859502984,1433.909192,0.9499999621,0.509022447,0.6426467608
4.840681662,1432.54632,0.95,0.5088977463,0.6426498226
4.836050861,1432.27792,0.95,0.5088861016,0.64266677
4.825914767,1431.563671,0.9499999762,0.5088243844,0.642673123
4.761336321,1427.004946,0.95,0.5084267699,0.6427110213
4.759133812,1426.8447,0.95,0.5084117757,0.6427111314
4.690655154,1421.9574,0.95,0.5079701749,0.6427364238
4.637720389,1418.137373,0.95,0.507613049,0.6427438854
