rp,T3,er,P_sur,A_sur,P_HF,A_HF,B_sur,B_HF,cv_HF
6.649977544,1543.423892,0.95,0.5149244098,0.6382103101,0.5150788921,0.6384017794,0.8068255898,0.8068255898,0
6.634917282,1542.58139,0.95,0.5149138946,0.6382807422,0.5150452447,0.6384435622,0.806720085,0.806720085,0
6.611840489,1541.123715,0.95,0.5148556193,0.6383531648,0.5149484976,0.6384683216,0.8065372708,0.8065372708,0
6.296915852,1523.941398,0.9499999957,0.5145993631,0.6397656844,0.5143956062,0.6395123676,0.804355994,0.804355994,0
6.293884889,1523.772419,0.95,0.5145945835,0.6397769991,0.5143895523,0.6395220912,0.804334298,0.804334298,0
6.292917292,1523.718026,0.9499999954,0.5145929335,0.6397805036,0.5143874952,0.6395250873,0.8043273133,0.8043273133,0
6.267205519,1522.263303,0.95,0.5145455409,0.6398703394,0.5143304829,0.6396029009,0.8041403223,0.8041403223,0
6.266877603,1522.244037,0.95,0.5145447375,0.6398713128,0.514329562,0.6396037274,0.8041378434,0.8041378434,0
6.266739927,1522.236528,0.95,0.5145445496,0.6398718479,0.5143293345,0.639604213,0.8041368772,0.8041368772,0
6.244382087,1520.965787,0.9499999935,0.5144999,0.6399465509,0.5142784312,0.6396710831,0.8039732369,0.8039732369,0
6.243084254,1520.894118,0.9499999997,0.5144977973,0.6399512883,0.5142760622,0.6396754861,0.8039639996,0.8039639996,0
6.232156153,1520.269806,0.9499999997,0.5144744325,0.6399863105,0.5142503972,0.6397076193,0.8038834957,0.8038834957,0
6.231871913,1520.254386,0.9499999999,0.514474031,0.6399873947,0.5142499555,0.6397086528,0.8038815065,0.8038815065,0
6.230411574,1520.164483,0.9499999999,0.5144691958,0.6399906138,0.5142447505,0.6397114078,0.803869908,0.803869908,0
6.214536963,1519.270126,0.95,0.51443761,0.6400432488,0.5142110292,0.6397613457,0.803754451,0.803754451,0
6.192385496,1518.002515,0.9499999989,0.5143868423,0.640110596,0.5141587742,0.6398267846,0.8035905757,0.8035905757,0
6.192338325,1517.999977,0.95,0.5143867747,0.6401107734,0.5141587081,0.6398269638,0.8035902473,0.8035902473,0
6.187425037,1517.72105,0.9499999949,0.5143758353,0.6401259139,0.514147761,0.6398420819,0.8035541511,0.8035541511,0
6.184792168,1517.567814,0.95,0.5143689562,0.640133155,0.5141408657,0.6398492959,0.803534315,0.803534315,0
6.184131695,1517.532504,0.95,0.514368041,0.6401356578,0.5141399973,0.6398518553,0.8035297437,0.8035297437,0
6.174313188,1516.968963,0.9499999999,0.5143441719,0.6401641005,0.514116482,0.6398807127,0.8034567566,0.8034567566,0
6.064955752,1510.613657,0.9499999998,0.5140305994,0.6404329228,0.5138357373,0.6401901433,0.8026298791,0.8026298791,0
6.05795956,1510.19293,0.9499999995,0.5140050267,0.6404449364,0.5138140434,0.6402069733,0.8025748936,0.8025748936,0
5.94231544,1503.441327,0.95,0.5136022894,0.6406508454,0.5135141993,0.6405409647,0.8016883036,0.8016883036,0
5.926910248,1502.538864,0.95,0.5135428279,0.640671863,0.5134737859,0.6405857294,0.8015691925,0.8015691925,5.779443674e-06
5.9246023,1502.404482,0.95,0.513534034,0.6406750782,0.5134679662,0.6405926532,0.801551444,0.801551444,7.555266273e-06
5.881850916,1499.808054,0.9499999989,0.5133372808,0.6407042215,0.5133307899,0.6406961202,0.8012078952,0.8012078952,0
5.866960694,1498.941832,0.9499999996,0.5132766643,0.6407204338,0.5132937129,0.6407417155,0.8010930153,0.8010930153,0
5.861314566,1498.619742,0.9499998699,0.5132550263,0.6407276153,0.5132813827,0.6407605176,0.8010502654,0.8010502654,1.213299839e-06
5.858343434,1498.450032,0.9499999997,0.5132435922,0.6407313644,0.5132749245,0.6407704794,0.8010277329,0.8010277329,6.78269184e-06
5.846211543,1497.724108,0.9499998664,0.5131872479,0.6407381652,0.5132391538,0.6408029722,0.8009312941,0.8009312941,8.027979449e-06
5.845427781,1497.680706,0.9499999817,0.5131845724,0.6407394399,0.5132378682,0.6408059826,0.8009255252,0.8009255252,1.047368112e-05
