model,resp,R2_test,RMSE_test,MAE_test,MAPE_test,Q2_cv,R2_extrap,RMSE_extrap,MAPE_nearPareto,viol_A_gt_1,viol_L_neg,viol_BA_gt_BT,fit_s,pred_s
1,1,0.8862977889,0.02111207794,0.01583770028,4.945518032,0.8569035019,0.7966257834,0.03409062825,6.145146975,0,0,0,0.006735086441,0.0001847743988
1,2,0.9682548914,0.005397848154,0.003771961773,0.5393550314,0.9714076344,0.9479543204,0.008205515948,0.1733715196,0,0,0,0.006735086441,0.0001847743988
1,3,0.9668237997,14.15030583,10.39739938,5.469816804,0.9618539443,0.9200708902,25.56720647,4.285083511,0,0,0,0.006735086441,0.0001847743988
1,4,0.5222035457,7.137133343,4.548221701,6.784880775,0.4849082635,0.4787698746,9.729460661,21.35886248,0,0,0,0.006735086441,0.0001847743988
1,5,0.8405976231,0.02876133747,0.02163825292,4.771009487,0.8080991109,0.7256045018,0.04648384315,6.198771326,0,0,0,0.006735086441,0.0001847743988
2,1,0.9967773828,0.003554273847,0.001921065019,0.5702509593,0.9948559836,0.972949974,0.01243285594,0.1286989478,0,0,0,7.263141632,0.01536893845
2,2,0.9989491809,0.0009820785622,0.0005854543217,0.08378630765,0.9985914875,0.9897079819,0.003648915627,0.03877344081,0,0,0,7.263141632,0.01536893845
2,3,0.999998893,0.08173799495,0.02125558337,0.0115967849,0.9999868649,0.9995421316,1.935089747,0.002450219696,0,0,0,7.263141632,0.01536893845
2,4,0.997456658,0.5207205645,0.194433363,0.3106025227,0.9968308805,0.9718484875,2.261126597,0.07320476217,0,0,0,7.263141632,0.01536893845
2,5,0.9958551522,0.004637842289,0.002497544419,0.5362805002,0.9935314338,0.9625898942,0.01716358497,0.1246390895,0,0,0,7.263141632,0.01536893845
3,1,0.9892436277,0.006493508871,0.004227556881,1.325349899,0.9761194707,0.9067800215,0.02308030574,0.8425192166,0,0,0,7.961394787,0.002342939377
3,2,0.9950581904,0.002129733481,0.001365316797,0.1956422165,0.996646568,0.9756756856,0.005609625331,0.194234878,0,0,0,7.961394787,0.002342939377
3,3,0.9979730449,3.497635661,1.865398769,0.9570316814,0.9964233578,0.9579632609,18.54151857,0.7138594532,0,0,0,7.961394787,0.002342939377
3,4,0.9201073731,2.918473136,1.242712157,1.974751759,0.9485141495,0.789612974,6.181352198,1.56413451,0,0,0,7.961394787,0.002342939377
3,5,0.9847448356,0.008897543669,0.005668731504,1.276337947,0.9681388133,0.8676272505,0.03228589507,0.7215535332,0,0,0,7.961394787,0.002342939377
4,1,0.807524845,0.02746843171,0.01809109323,5.614801659,0.7910075925,0.5386771935,0.05134397887,9.756537478,0,0,0,15.55211115,0.2224800587
4,2,0.8793326598,0.01052390999,0.006747393733,0.9641333717,0.8686868036,0.7673406761,0.01734897346,0.9544041719,0,0,0,15.55211115,0.2224800587
4,3,0.9492053447,17.50900687,11.96437222,6.612582841,0.9413679194,0.8087054712,39.55324006,2.178556272,0,0,0,15.55211115,0.2224800587
4,4,0.5466084613,6.952468902,3.156916572,4.909782096,0.7723568424,0.4041155015,10.40291514,12.16030174,0,0,0,15.55211115,0.2224800587
4,5,0.7836996993,0.03350350496,0.02243992822,4.948267033,0.7579278708,0.4387453088,0.06648038535,8.887943314,0,0,0,15.55211115,0.2224800587
5,1,0.9322290567,0.01629927513,0.01024616254,3.078334569,0.9214304053,0.6929809034,0.04188608339,3.737131231,0,0,0,7.766823053,0.2098450661
5,2,0.9515995318,0.006665105626,0.00422871825,0.6029760799,0.9473896531,0.8639522125,0.01326658957,0.4260122093,0,0,0,7.766823053,0.2098450661
5,3,0.9821951918,10.36623747,6.95640749,3.680626651,0.9853151647,0.8923541075,29.67081816,1.378237453,0,0,0,7.766823053,0.2098450661
5,4,0.6017964004,6.515607886,2.75866288,4.273157923,0.82172022,0.5326432791,9.212940331,9.547187721,0,0,0,7.766823053,0.2098450661
5,5,0.922698494,0.02002883363,0.01267692759,2.715624588,0.9064389236,0.614848596,0.05507180093,3.328118435,0,0,0,7.766823053,0.2098450661
6,1,0.9951335308,0.004367707177,0.002275625971,0.6798398307,0.9953427405,0.9714444563,0.01277415775,0.4383516133,0,0,0,3.491550922,0
6,2,0.9989491809,0.0009820785622,0.0005854543217,0.08378630765,0.9985914875,0.9897079819,0.003648915627,0.03877344081,0,0,0,3.491550922,0
6,3,NaN,NaN,NaN,NaN,NaN,NaN,NaN,NaN,NaN,NaN,NaN,NaN,NaN
6,4,0.9915394122,0.9497353805,0.3013216306,0.5086899205,0.9958000222,0.9631103194,2.588370608,0.1250674706,0,0,0,3.491550922,0
6,5,0.9939709714,0.005593522024,0.002912538599,0.6241987086,0.9941995754,0.9602865495,0.01768407497,0.3997320534,0,0,0,3.491550922,0
