P,AA
0.5167759711,0.6723126863
0.5167615696,0.6728970896
0.5167521831,0.6731083749
0.5167057992,0.6736911361
0.5166884915,0.6739315928
0.5161088196,0.6765706249
0.5142159612,0.6790450566
0.5141714387,0.6790697725
0.5140652043,0.6791239901
0.5167673909,0.6727092718
0.5167554939,0.6730269507
0.5166579426,0.6742035489
0.5166513185,0.6742394229
0.5165079109,0.6751471423
0.5163303965,0.6758567748
0.5163243806,0.6759217082
0.5163195192,0.6759358968
0.5162332614,0.6762187289
0.5159017477,0.6770565963
0.5158988958,0.6770714487
0.5166974431,0.6737658084
0.5166733192,0.6740855166
0.5165972768,0.6745705405
0.5144333579,0.6788940578
0.5142955283,0.6789972626
0.5142457766,0.6790315951
0.5141100563,0.6791123216
0.5128669384,0.6795842164
0.516589478,0.6747059273
0.516589166,0.6747073403
0.5165836527,0.6747419263
0.5165832679,0.6747443803
0.5165280307,0.6750567871
0.5165265343,0.6750630555
0.5165223713,0.6750847531
0.516520145,0.6750974815
0.5162943688,0.6759953375
0.5167452235,0.673226228
0.5166970481,0.6738584506
0.5166907075,0.6738639329
0.5166330293,0.6744111796
0.5166280948,0.6744288473
0.5166269777,0.6744417842
0.5160886451,0.6766198994
0.5163536739,0.6757883881
0.5161064061,0.6765809278
0.5160942238,0.6766110918
0.5160870575,0.6766305063
0.5160459154,0.6767259144
0.5157055333,0.67744538
0.5156321888,0.6775518695
0.5156260285,0.6775829654
0.5155842955,0.6776450349
0.515108524,0.6782937853
0.5147533961,0.6786334405
0.5146997958,0.6786939286
0.5146826147,0.6787092245
0.5166051734,0.674569356
0.515959875,0.6769329139
0.5158659943,0.6771410544
0.5158635331,0.6771462405
0.5158229761,0.6772255507
0.5158063434,0.6772580744
0.5152463545,0.6781283793
0.5151549869,0.6782384197
0.5150255914,0.6783839853
0.51493337,0.6784743342
0.5148854025,0.6785266812
0.5148246817,0.6785701074
0.5144277088,0.6788953175
0.5144138288,0.6789145324
0.5143813466,0.6789438113
0.5143693803,0.6789523726
0.5132407875,0.6794898387
0.5165044085,0.6751659763
0.5164757332,0.675310318
0.5164165154,0.6755429858
0.5164135164,0.6755789085
0.5157254972,0.6773908512
0.5156024881,0.6776207879
0.5155619051,0.6776880802
0.5153756326,0.677957945
0.514279189,0.6790129463
0.5141181765,0.6791089744
0.5140644465,0.6791401306
0.5134274396,0.6794253872
0.5133478183,0.6794547039
0.5161992892,0.6763137408
0.5155175993,0.6777550062
0.5155098596,0.6777679282
0.5154752197,0.6778205178
0.5154130008,0.6779092761
0.5151527038,0.6782411249
0.5147896503,0.6786180139
0.5147303099,0.6786643396
0.5133378128,0.6794614562
0.5133375403,0.6794615212
0.5133310433,0.6794637212
0.5132034088,0.6795028629
0.5131983184,0.6795046039
0.5166221745,0.6744811394
0.516596639,0.6746367726
0.5161586308,0.6764049363
0.5161239859,0.6765368795
0.5160443481,0.6767387723
0.5158508028,0.6771718134
0.5131880338,0.6795066721
0.516773811,0.6724325905
0.5167656772,0.6727561313
0.5164845402,0.6752689663
0.5164618432,0.6753760124
0.5164415996,0.6754468912
0.5161113808,0.6765609376
0.5158399665,0.67719227
0.5158313542,0.6772055876
0.5158009751,0.6772700991
0.5157920134,0.6772874556
0.5157919172,0.6772882508
0.5154826103,0.6778003335
0.5154800205,0.6778132433
0.5154624714,0.6778301832
0.5154313372,0.6778771329
0.5150642663,0.6783321551
0.5149661846,0.678439607
0.5149467695,0.6784670721
0.512483662,0.6796496527
0.516236895,0.6762065569
0.5162126354,0.6762632613
0.5161321425,0.676497474
0.5160847429,0.6766369668
0.5160616387,0.6766943893
0.5157618531,0.6773335063
0.515398777,0.6779247905
0.5151499675,0.6782416487
0.5151289984,0.6782631763
0.5150414217,0.6783611991
0.5148932257,0.6785033811
0.5167525087,0.6731021167
0.516720474,0.673595078
0.5167187959,0.6735956623
0.5167157267,0.6736323184
0.5166867285,0.6739526549
0.5157206131,0.6774138808
0.515489465,0.6777921574
0.5154645298,0.677830016
0.5153918892,0.6779265448
0.5119764554,0.6796957128
0.5156548221,0.67752827
0.5156511182,0.6775360469
0.5154752896,0.6778196795
0.5154745827,0.6778207712
0.51547096,0.6778227926
0.5154614964,0.6778404302
0.5154491623,0.6778581467
0.5156583769,0.6775272343
0.5156308374,0.6775649273
0.5149871121,0.6784190978
0.5149569361,0.6784518927
0.5148307976,0.6785700126
0.5147842594,0.6786204814
0.5145352815,0.6788300407
0.5144521516,0.6788797827
0.5144504368,0.6788923144
0.5143011507,0.6789969075
0.5138737176,0.6792418868
0.5132688105,0.6794708081
0.5132531994,0.6794880646
0.5166410589,0.6743319444
0.5164895071,0.6751993999
0.5163564295,0.6757745236
0.5155400635,0.6777181794
0.5143288608,0.6789724427
0.5136530844,0.6793349848
0.51354958,0.6793855399
0.5131083317,0.6795297004
0.5143908587,0.6789361551
0.5142867247,0.6790014574
0.514240077,0.6790354642
0.514213695,0.6790527134
0.5142074727,0.6790552003
0.5141963566,0.6790648098
0.5139333436,0.6792115847
0.5139219842,0.6792189886
0.5139218531,0.6792189914
0.513907768,0.6792242785
0.5132081702,0.6794950028
0.5131686949,0.6795116021
0.5129779842,0.6795589941
0.5121637514,0.6796814738
0.5121108291,0.6796900675
0.5151580428,0.6782250231
0.5148006776,0.6786083195
0.5147968425,0.6786117604
0.5146906915,0.67870267
0.5146875759,0.6787050409
0.514666662,0.6787247603
0.513091323,0.679532538
0.5156045142,0.6776005963
0.5152701724,0.6780835359
0.5152142327,0.6781669969
0.5131238726,0.6795245368
0.5119709188,0.6796971634
0.5119658503,0.6796976023
0.5119655829,0.679697609
0.5119552371,0.6796979869
0.5164409972,0.6754656699
0.5164229421,0.6755407349
0.5164183048,0.6755421372
0.5163773968,0.675720308
0.5163749641,0.6757347162
0.5163461961,0.6758417128
0.5152841899,0.6780807808
0.5149497694,0.678455972
0.5134594988,0.6794101733
0.5129116164,0.6795750294
0.5128494688,0.6795900578
0.5157322723,0.6773892762
0.5156909563,0.6774580015
0.5156883797,0.6774775748
0.5156792059,0.6774790514
0.5151956859,0.6781751215
0.5151833694,0.6782041741
0.5151795478,0.6782065888
0.5151631974,0.6782222364
0.5146468908,0.6787421555
0.5146431501,0.6787444739
0.5145692817,0.6787835447
0.5144987813,0.6788529245
0.514372356,0.6789503174
0.5132603847,0.6794754433
0.5132065281,0.6795019881
0.5131173755,0.6795253657
0.5130310832,0.6795498554
0.5123547818,0.6796616206
0.5167770217,0.6721062315
0.5167332223,0.6733942733
0.516618685,0.6744975279
0.5165126804,0.675109846
0.5164377769,0.6754674416
0.5164001311,0.6756181188
0.5146553045,0.6787294019
0.5146055249,0.678774869
0.5143480712,0.67896407
0.5134473644,0.6794220129
0.5127398338,0.6796109845
0.5167765735,0.6721389542
0.5167760067,0.6721394236
0.5165962305,0.6746597321
0.516590261,0.6746919014
0.5165558295,0.6749027918
0.5165433206,0.6749577653
0.5165297257,0.6750059001
0.5157166979,0.6774251324
0.515059237,0.6783346564
0.515039759,0.678364631
0.5134974397,0.6794046042
0.5167720415,0.6725281578
0.5167645079,0.6728081104
0.5167477331,0.6731732193
0.5162936906,0.6760220534
0.5162888061,0.6760370303
0.5161725399,0.6763954565
0.5161535158,0.6764342702
0.515490098,0.6777893624
0.5146302939,0.6787487914
0.5167716875,0.6725687152
0.5167699077,0.6726491182
0.5167698339,0.6726494566
0.5167692914,0.6726752398
0.5167691495,0.6726762249
0.5167531331,0.6730419279
0.5166772563,0.6740316063
0.5166771397,0.674032647
0.516671592,0.6740866166
0.5166710007,0.6740891308
0.5162664026,0.6761125437
0.5162358719,0.6762139717
0.5167718624,0.6725400862
0.5141636925,0.6790780403
0.5130079068,0.6795554897
0.5128377078,0.6795917203
0.5124407483,0.6796568612
0.5121549612,0.6796870937
0.5118237144,0.6797008002
0.5117872348,0.6797011876
0.5167750595,0.6723355656
0.5166288771,0.6744244171
0.5165948354,0.6746686036
0.5161284905,0.6765247191
0.5160806884,0.6766380138
0.5136685177,0.6793027476
0.5167433245,0.6732543892
0.5164779318,0.6752730228
0.5164621852,0.6753565633
0.5163931614,0.6756344165
0.5160093639,0.6768255773
0.5159995124,0.6768300967
0.515999019,0.6768400647
0.5159327296,0.6769856213
0.5159265999,0.6770110341
0.5159125116,0.6770385161
0.5159112725,0.6770386604
0.5151777744,0.6782103532
0.515043252,0.678355128
0.5149099556,0.6785017893
0.5147716074,0.6786326711
0.5161477628,0.676470695
0.5161317229,0.6765093884
0.5158849217,0.6770982404
0.5157746915,0.6773179728
0.515760533,0.6773466604
0.5157591767,0.6773499837
0.515751511,0.677357201
0.5157461051,0.6773725205
0.5155714919,0.6776721508
0.5155655709,0.6776803318
0.5155565151,0.6776950797
0.5155324861,0.6777317058
0.5152511571,0.6781221835
0.5131108492,0.6795276784
0.5123606347,0.6796577119
0.5167409212,0.6733048625
0.516214643,0.6762299635
0.5133780267,0.6794472592
0.5136638465,0.6793116668
0.5165691088,0.6748119489
0.5131348182,0.6795204237
0.5140497652,0.6791421788
0.5166852541,0.6739632598
0.5157792755,0.6773064861
0.5137518179,0.6792966436
0.5133101515,0.6794667062
0.5124801346,0.6796497975
0.513668354,0.6793079327
0.5157809998,0.6772891699
0.5154974337,0.6777870869
0.5160780634,0.676654172
0.5152515383,0.6781190652
0.5152306735,0.6781476182
0.5153343563,0.6780009779
0.5140047105,0.6791730792
0.5139918084,0.6791770482
0.5139797074,0.6791770504
0.5137820817,0.6792766596
0.5137720656,0.6792849853
0.512653347,0.67962295
0.5144851648,0.678865359
0.5140448621,0.6791486743
0.5163664566,0.6757589626
0.5146151189,0.6787586275
0.5155751209,0.6776627514
0.5129269313,0.6795739214
0.5150946157,0.6783047768
0.5161168928,0.6765554014
0.515920318,0.6770251207
0.5158743441,0.6771214354
0.5147360074,0.6786381403
0.5147354204,0.6786386581
0.5163633105,0.6757665515
0.5123210467,0.6796645181
0.5167588195,0.6729070303
0.5164577915,0.6753921685
0.5160620664,0.6766659106
0.5154050246,0.6779204678
0.5127054905,0.6796144572
0.5125281258,0.679646958
0.5153074612,0.6780026488
0.5150155014,0.678385068
0.516633808,0.674348117
0.5160156748,0.6768105956
0.5163414051,0.6758423
0.5160318601,0.6767714195
0.5151580284,0.6782368237
0.5151299171,0.678253614
0.5148659152,0.6785441684
0.5133508304,0.6794545765
0.5147088049,0.6786870844
0.5147162836,0.6786815438
0.5161619529,0.6764040999
0.5164887442,0.6752317733
0.5161874599,0.6763225569
0.5157243846,0.6774127638
