alg,P,AA
1,0.5167759711,0.6723126863
1,0.5167736139,0.6723197688
1,0.5167615696,0.6728970896
1,0.5167521831,0.6731083749
1,0.5167057992,0.6736911361
1,0.5166884915,0.6739315928
1,0.5161088196,0.6765706249
1,0.5160693764,0.6766532068
1,0.5149704031,0.6782926521
1,0.5143702341,0.6789456519
1,0.5142790321,0.6789935372
1,0.5142717263,0.6790075913
1,0.5142159612,0.6790450566
1,0.5141714387,0.6790697725
1,0.5140652043,0.6791239901
1,0.5120111983,0.6794697264
1,0.5119503959,0.6796301416
1,0.5117717199,0.6796526249
2,0.5167572606,0.6712631385
2,0.5167119929,0.6714027975
2,0.5166495649,0.673224835
2,0.5165951841,0.6746363209
2,0.5165405953,0.6746874518
2,0.5142320543,0.6774737874
2,0.5135880539,0.6792977975
2,0.5123606347,0.6796577119
3,0.5166803107,0.6733301865
3,0.5164035956,0.6740251043
3,0.5163388884,0.6758039589
3,0.5159908003,0.6763595916
3,0.5158762984,0.6766543608
3,0.5152563018,0.6779287357
3,0.514806926,0.6781444328
3,0.5143898888,0.6787100221
3,0.5139520492,0.6791287315
3,0.5129089536,0.6793163497
3,0.5124077383,0.6795810631
