NSGA-II,MOEA/D,MOPSO
0,0.001687383106,0.03496099231
0.003077006285,0.02920080229,0.2071708095
0.007645066236,0.03957543538,0.2447330588
0.007645066236,0.0886710749,0.2983519272
0.02901205899,0.167890896,0.3332898544
0.04732143619,0.2787002221,0.3823918865
0.08426069965,0.3531690482,0.3981616195
0.1246905561,0.3942231559,0.4562709888
0.1616032717,0.4236800632,0.4756622566
0.2290059903,0.4525868797,0.5180798562
0.2885061158,0.4769278792,0.528636696
0.3888777689,0.5301696491,0.5553703312
0.4172960184,0.5387957814,0.5707577673
0.4548422881,0.5711634745,0.6076197074
0.5097789684,0.5916456813,0.6148590923
0.5503891875,0.5992862488,0.6558099423
0.6013776449,0.6129466101,0.6807667011
0.644610647,0.6165419808,0.6955185071
0.6875603634,0.6511986625,0.7347295133
0.7243224853,0.666600303,0.7418495586
0.7373598703,0.681920225,0.7478633195
0.7533123362,0.685680952,0.7547596814
0.7735167178,0.7036424313,0.7587955982
0.7833152724,0.7201554169,0.7637057474
0.795889057,0.7379583007,0.7692751612
0.8086564567,0.7427513691,0.8029332174
0.823165813,0.7495206119,0.8206704308
0.8325251922,0.7775014236,0.8268139669
0.8449117226,0.7806488856,0.8417313335
0.8498557676,0.7848153082,0.8454841981
0.8571591983,0.7881573204,0.8588650175
0.8749276217,0.79667678,0.8718772378
0.8883171143,0.8021009671,0.8721569435
0.9103090252,0.8028487241,0.8765946495
0.9259606735,0.8120610625,0.8870606574
0.9327309962,0.8235888803,0.8874017215
0.9483152545,0.8326176139,0.9037122235
0.9637963946,0.8349558478,0.9178567715
0.9654166662,0.8459030336,0.932474332
0.9825585633,0.8506022158,0.9406884406
0.9868793786,0.8522641134,0.9472914972
0.9984095402,0.8655954318,0.9513756301
1.00080759,0.882661946,0.9555929367
1.020682804,0.8840821202,0.9560373884
1.025314167,0.8902253902,0.9631927874
1.03459203,0.9034831175,0.9763889206
1.041074333,0.9125407233,0.9846514171
1.047870567,0.9217855905,0.9903524725
1.056486085,0.9254614757,0.9982820187
1.059440199,0.9284478447,0.9999996233
1.065219302,0.947416707,1.00476511
1.072373647,0.9553998974,1.01018163
1.075766282,0.9695863583,1.012054168
1.086008302,0.9704423088,1.018031269
1.087517377,0.9733927689,1.03056346
1.095260036,0.9775966277,1.037726237
1.096393699,0.9785970063,1.046301356
1.10430185,0.9805787696,1.052377668
1.110592285,0.9815611252,1.055084296
1.117541612,0.9948022577,1.063611124
1.125163214,1.000384682,1.06850472
1.129151483,1.004765141,1.07695628
1.134304361,1.007786284,1.081922473
1.134916624,1.012256976,1.087454195
1.142173235,1.016703749,1.095532948
1.143485441,1.020413348,1.097951369
1.147777821,1.024362524,1.11112323
1.153852425,1.025003671,1.124890002
1.157962706,1.027628654,1.134299347
1.158790713,1.030191801,1.138663902
1.159550681,1.044261963,1.146852289
1.163362873,1.046807133,1.147727729
1.166101323,1.048034531,1.153238599
1.16838866,1.049212552,1.15667044
1.173345428,1.049419403,1.159782591
1.176752889,1.055192726,1.165159256
1.179383905,1.056530129,1.166751655
1.189182033,1.056753626,1.170517735
1.197893695,1.061886518,1.175435616
1.198095205,1.065817464,1.179924305
1.19960361,1.069760445,1.183255981
1.199939836,1.07117258,1.187374447
1.201202047,1.074755721,1.191201565
1.201835622,1.075341694,1.195943085
1.203946487,1.076233676,1.197671152
1.204184088,1.080907831,1.199802849
1.204798327,1.087473056,1.203029596
1.210039346,1.087473752,1.205435583
1.214200269,1.088315755,1.208973956
1.214531563,1.089325865,1.214617771
1.215159558,1.092157899,1.215925995
1.220646172,1.092987178,1.220025555
1.221337482,1.096559913,1.222102355
1.222869118,1.10562573,1.223681864
1.225156732,1.106136172,1.225379726
1.226056196,1.106805813,1.226859182
1.230021017,1.107105647,1.229144287
1.230458133,1.108946253,1.231129736
1.231276785,1.109027452,1.231489425
1.232479725,1.112395804,1.233594276
