HV_NSGA2,HV_MOEAD,HV_MOPSO,IGD_NSGA2,IGD_MOEAD,IGD_MOPSO,GD_NSGA2,GD_MOEAD,GD_MOPSO,SP_NSGA2,SP_MOEAD,SP_MOPSO,t_NSGA2,t_MOEAD,t_MOPSO
1.220254724,1.202206346,1.212970805,0.008172334742,0.1618747948,0.00784409195,0.0006186752257,0.002397010743,0.0008770157496,0.01237732337,0.008031470998,0.03151548078,0.8334941864,8.689470053,0.8145849705
1.1946678,1.218022751,1.214908625,0.02355317529,0.02866269325,0.006738488812,0.0003851158681,0.001596758724,0.003464752686,0.01011944445,0.01158908796,0.03712041131,0.9152040482,8.816300869,0.7837100029
1.220880552,1.222539819,1.216865229,0.007374539144,0.02009147582,0.006256736993,0.001696835666,0.0009663854352,0.001357883477,0.01083346266,0.01086551306,0.02041665819,0.8980591297,8.690335989,0.7929940224
1.210322271,1.215757235,1.21254573,0.01351251118,0.01635990276,0.007292644875,0.0005501557428,0.001038202558,0.001614178638,0.009949871815,0.009492181314,0.01456387651,0.8645479679,9.098038197,0.7970750332
1.205316645,1.220644171,1.216040656,0.01690756449,0.00992275879,0.006518070021,0.0006071531971,0.001663455503,0.001386689104,0.009981861104,0.008131107303,0.02742822813,0.8378009796,9.001206875,0.8410768509
1.207218254,1.218590583,1.214971475,0.01598782527,0.07238554376,0.006404881969,0.0006074795876,0.001082897886,0.001494625748,0.009033512081,0.01034014831,0.03135173217,0.8790450096,8.841805935,0.9302461147
1.219594191,1.210658507,1.216873489,0.009456035233,0.02172424805,0.007386987273,0.0007902003637,0.0005588557874,0.0008207282162,0.01483628008,0.005814638958,0.01575792377,0.9632070065,9.006901026,0.857405901
1.219486654,1.209855526,1.217316492,0.008222978383,0.03556408129,0.007287312563,0.001037876701,0.0005310672994,0.002561134353,0.009714917462,0.01288582227,0.04244779083,0.8692598343,9.160305023,0.8732969761
1.221997551,1.220077905,1.219198119,0.006661540469,0.03523996489,0.006494621109,0.0007717964191,0.001555397477,0.0008225471527,0.01610227639,0.006703137068,0.02507857396,0.8403959274,9.056302071,0.804074049
1.221251009,1.21935637,1.216966899,0.007345411666,0.01501735117,0.006015508804,0.001053688447,0.0008681026732,0.001551372453,0.0102677094,0.005677648271,0.03213381778,0.872123003,8.965785027,0.8486349583
1.215363512,1.217174933,1.212058741,0.01106689329,0.05471058233,0.007094032722,0.0005836558095,0.001102487318,0.001546521523,0.009758786096,0.007149147518,0.01486315006,0.8655738831,8.956381083,0.7803590298
1.207907693,1.220703272,1.214276544,0.01527736749,0.008396929122,0.006568736476,0.001261908744,0.001456690046,0.001257785684,0.01253491976,0.008602891523,0.01675826556,0.8440430164,9.288686991,0.9068861008
1.192080791,1.218709723,1.214826839,0.02504738198,0.008227391507,0.006492775045,0.0005295346035,0.0008696802954,0.001410280488,0.007716583827,0.006905699356,0.01366558221,0.8129861355,8.99545002,0.8072490692
1.178726784,1.198650906,1.212046635,0.03404325435,0.0209558703,0.006705821975,0.0001990821673,0.0003869024412,0.002041946089,0.009060807865,0.006134304709,0.03009409078,0.8036310673,9.295572996,0.7896201611
1.221433219,1.220844923,1.218649916,0.007494972806,0.01237883069,0.006524783944,0.001676982276,0.002650197471,0.001300571297,0.01068692787,0.009105760981,0.01842413279,0.8487689495,9.036468029,0.780493021
1.221120522,1.217755188,1.218744339,0.008139331944,0.05899777566,0.006150968071,0.0007161949577,0.001366632977,0.0007762770858,0.01271628447,0.005827669158,0.02793008967,0.8255040646,9.641214848,0.7768530846
1.219024374,1.210752651,1.217306314,0.008686760675,0.01547615874,0.006336921801,0.0007595332427,0.0005811235272,0.0008467310171,0.01014316888,0.01206511759,0.02836475645,0.8562099934,8.999177933,0.779925108
1.217629134,1.21598387,1.216479086,0.00997123843,0.01217926234,0.006222975879,0.00110840544,0.00107104495,0.003489044948,0.01329040217,0.01089927687,0.01630990812,0.8318181038,9.319871902,0.8550770283
1.217946487,1.219752059,1.215895034,0.008291942468,0.01339148082,0.006363992043,0.001950539258,0.001408464206,0.001564083908,0.01296922671,0.01304586236,0.02984789556,0.8190870285,9.279188156,0.9239959717
1.22008467,1.201531009,1.218696982,0.00801114715,0.0384576703,0.00603134026,0.001837422519,0.0004138286402,0.0009312736379,0.01177763086,0.004994522594,0.02848032079,0.9916009903,9.257665157,0.8981950283
1.207255663,1.213392496,1.217923065,0.01517449729,0.0262534929,0.00620415247,0.000479488918,0.0008834124081,0.001142288912,0.007203921743,0.01886827102,0.0167282603,0.8268280029,9.266958952,0.8249919415
1.22047827,1.207904659,1.212584609,0.007715688761,0.01457717513,0.006355010765,0.0008534409624,0.0004905101357,0.001825785484,0.01006266595,0.009038936493,0.02367099664,0.8564529419,9.323518038,0.7848420143
1.217582701,1.221685951,1.214868337,0.009544159841,0.02394897722,0.006499809202,0.001152693874,0.0007612359977,0.001368902788,0.01099608052,0.006068691411,0.01639877309,0.8136739731,8.972645998,0.9040338993
1.212728355,1.214445771,1.217808312,0.01271807334,0.01751338291,0.006859665299,0.00069837904,0.0008799802165,0.0008955278031,0.009578876023,0.03108804077,0.01726075803,0.875234127,8.709286213,0.7694349289
1.212946496,1.205059593,1.21596013,0.01023897795,0.1313159515,0.007759183988,0.0007345450938,0.003063188905,0.0009596554074,0.009778309844,0.01432427027,0.0147391597,0.8525178432,8.985302925,0.884898901
1.214464693,1.215987272,1.208990387,0.01124908866,0.02409288749,0.006694865181,0.0005463791894,0.002254022213,0.002299973269,0.008911611684,0.02425217921,0.01479020226,0.9210810661,9.148033857,0.7469239235
1.221902604,1.21936222,1.215172102,0.007814721812,0.01528897688,0.006730136412,0.000835667151,0.0009098472936,0.001023415354,0.01112602167,0.01008840218,0.01636958571,0.9958949089,9.035829067,0.8057441711
1.198812391,1.192569009,1.217007246,0.02072698146,0.08570591631,0.005644597553,0.0003478013375,0.001199556553,0.001234078929,0.008586617987,0.01712672202,0.01358319192,0.8323369026,9.861622095,0.8009750843
1.208449059,1.212478399,1.213479964,0.01227893446,0.07814334469,0.006219438528,0.0004204834924,0.001013606546,0.00455633196,0.02692543326,0.006562874061,0.023471112,0.8890018463,9.329872847,0.8254959583
1.221317848,1.208147586,1.218961904,0.007582968471,0.01587105569,0.006954617416,0.000939646242,0.0004195217177,0.001903120269,0.01042189149,0.008842671373,0.03469714761,0.9929320812,9.01704216,0.8105208874
