rp,T3,er,E_P,E_AT,sd_P
7.904977913,1591.078043,0.95,0.5128388314,0.6311975132,0.01000445599
6.627977145,1528.709912,0.95,0.5118123963,0.6359229603,0.009932796814
7.904977913,1591.078043,0.9355118197,0.5083270488,0.6256453119,0.00988128476
6.733702909,1533.897459,0.9181221902,0.5003364773,0.6211567464,0.009655643637
6.726352265,1535.700526,0.9032480307,0.4956859647,0.6152097767,0.009521409104
7.320388191,1566.490944,0.8806984583,0.4908081863,0.6062830744,0.009406567981
7.314977568,1565.707552,0.8630608204,0.4852951831,0.5995445151,0.00929427891
6.759252342,1538.70478,0.8656464944,0.4835735245,0.5998963909,0.00924736884
6.716640545,1536.622995,0.8461720732,0.4771123888,0.5920750826,0.009118775922
6.725320681,1533.897459,0.8198083214,0.4683065797,0.5813976677,0.008986708639
6.752291909,1536.246991,0.8054940177,0.4644285979,0.5763710161,0.00890936535
7.252032803,1560.476158,0.7790882156,0.4605852411,0.5694707744,0.008854642447
7.252032803,1562.335469,0.7649109611,0.457172349,0.5650927276,0.008783690522
4.55243708,1396.214614,0.8451312523,0.4519861437,0.5748262322,0.008872079298
7.252032803,1549.027928,0.7471099942,0.4499622708,0.5573113887,0.008781943303
7.771589761,1592.59238,0.6986116854,0.4459512985,0.5487640173,0.0085904621
4.418969901,1392.057259,0.8265114507,0.4428243256,0.5636334013,0.008682869079
4.548759087,1400.240211,0.8027723688,0.4353849467,0.5532834155,0.008557431917
7.333489366,1573.098141,0.6483596197,0.4304246702,0.5311775634,0.00837665606
4.55243708,1396.214614,0.785839765,0.4280148745,0.5443434061,0.008479146315
4.55243708,1389.557785,0.7740855444,0.4222823167,0.5377534707,0.008447322334
7.333489366,1572.772339,0.610522389,0.4218780283,0.5206568683,0.00828637083
4.548759087,1400.240211,0.7496504492,0.4154339331,0.5279324924,0.008256198716
4.548759087,1400.240211,0.7419195628,0.4126975149,0.5244554203,0.008216841878
4.61900459,1411.874829,0.716419395,0.4067513286,0.5157492115,0.00807973467
4.589781859,1411.874829,0.716419395,0.4064168424,0.5153251728,0.008062386487
4.39685406,1394.692783,0.7052442874,0.3972922632,0.5054247897,0.007975403798
4.589781859,1412.708459,0.670801594,0.3917989752,0.4967134023,0.007864618276
4.733885499,1423.56849,0.6379248511,0.3856609125,0.487935931,0.007779417658
4.762940033,1407.787249,0.6104902468,0.3761035345,0.4772635089,0.007768856668
4.517915199,1404.915418,0.6100139045,0.3714928921,0.4716726197,0.007627182885
4.027649224,1364.250609,0.6239557756,0.3598730689,0.4606221611,0.0075186642
3.935278735,1364.250609,0.6156204564,0.355112154,0.4545289078,0.007418767356
4.120965237,1376.571269,0.5769265617,0.3501625594,0.4470742467,0.007358348413
4.092176633,1376.571269,0.5721808346,0.3481451768,0.4444987348,0.007320972625
4.08018757,1376.949183,0.5499488645,0.3418667632,0.4364501951,0.007233819855
4.473049029,1409.128408,0.4864980769,0.3392037851,0.4303326833,0.007196901859
4.501454767,1405.37045,0.4455375271,0.3300983445,0.4190829672,0.007117843646
4.456922182,1405.37045,0.4494792558,0.3299118815,0.4188462192,0.007097280524
4.01100093,1371.950749,0.4525630457,0.3153163655,0.402962746,0.006888962036
3.916116336,1362.243661,0.4446604231,0.3096654608,0.3965267892,0.00682153726
3.900762276,1363.133736,0.4206809969,0.303894661,0.3890665343,0.006733954893
3.900762276,1361.986591,0.3967161114,0.2986062283,0.3823866489,0.006667682988
3.949759925,1365.751304,0.3824932261,0.2975245727,0.3807072801,0.006656405425
3.949759925,1365.751304,0.360537609,0.2930211386,0.3749451576,0.006595476368
3.943645336,1370.120904,0.3444603523,0.2899607442,0.3706988835,0.006532885374
3.893116128,1358.525824,0.3169517959,0.2820129376,0.3613974108,0.006450857099
3.779985612,1357.248455,0.3182234031,0.2782389722,0.3566556937,0.006356439329
4.25500041,1386.12644,0.1694451111,0.2697724128,0.3437860681,0.006326868195
4.243775396,1384.444883,0.1694451111,0.2693241105,0.3433291878,0.006322153981
4.003213633,1367.729908,0.1958347068,0.2648980361,0.3388245375,0.00621852255
3.957166747,1363.238318,0.1958347068,0.2630651336,0.336789826,0.006189494431
3.911314575,1370.006357,0.1789842193,0.2591641776,0.3313371113,0.006087569416
3.794983965,1358.56574,0.1813385172,0.254719868,0.3264206861,0.006015160465
3.286761019,1272.867647,0.2777854877,0.2448908583,0.3198865308,0.005997920518
3.30385756,1306.844353,0.2217011206,0.2383804324,0.3089233709,0.005755941639
3.286761019,1305.932348,0.1868329751,0.2318823003,0.3005647746,0.005644248866
3.063292531,1292.037497,0.2254705532,0.2266362905,0.2947034174,0.00552820112
3.18175004,1302.885522,0.1647539208,0.2233852986,0.2897519768,0.005472109365
3.178436162,1302.885522,0.1286752332,0.217781358,0.2824834561,0.005373366092
2.95571001,1282.093415,0.1501400397,0.2087159293,0.2720353608,0.005209581507
2.977272133,1282.211271,0.09788768371,0.202341104,0.2637196099,0.005098119102
2.884247744,1269.011771,0.09803394514,0.1967873294,0.257292999,0.005010039696
2.820644528,1248.064525,0.04996034372,0.1859383105,0.2443697006,0.004851518562
2.637970663,1232.462627,0.108350576,0.1821911979,0.2404010853,0.004784638135
2.760893713,1260.596088,0.01358923544,0.1786146369,0.2340136809,0.004648663863
2.637970663,1246.940536,0.003074738526,0.1696414162,0.2230149088,0.004479500874
2.527061828,1216.735233,0,0.1612334171,0.2136301837,0.004374387926
2.527061828,1210.073637,0,0.1609536386,0.2136417114,0.004389484504
2.272327283,1189.244966,0.118761335,0.1564071431,0.2088034746,0.00434050762
2.410729065,1210.073637,0.01582054968,0.155165384,0.2059585831,0.004247514596
2.410729065,1210.073637,0,0.1533953611,0.2036092136,0.004208181964
2.351091371,1210.073637,0,0.1493131802,0.1981907184,0.004112973629
2.301955791,1206.013991,0,0.1456832508,0.1935858445,0.004041498096
2.207163647,1183.544607,0,0.1378469415,0.1843235037,0.003928217386
2.135121956,1182.242691,0.01901443778,0.1341514974,0.1794486352,0.003853164866
2.135121956,1183.453164,0,0.1322598082,0.176857184,0.003803804316
2.135121956,1182.242691,0,0.1322159955,0.1768596609,0.003806133416
