m,Ti,eta,ta,heat_removal_gap,thermal_loss_gap,closure
0.005,298.15,0.5953771759,0.8,0.2046228241,0,0
0.02375,298.15,0.7029262608,0.8,0.09707373924,0,0
0.0425,298.15,0.7172670685,0.8,0.0827329315,0,0
0.06125,298.15,0.7229332722,0.8,0.07706672784,0,0
0.08,298.15,0.7259678104,0.8,0.07403218963,0,0
0.005,318.15,0.5023494922,0.8,0.2046228241,0.09302768373,0
0.02375,318.15,0.5930940325,0.8,0.09707373924,0.1098322282,0
0.0425,318.15,0.605194089,0.8,0.0827329315,0.1120729795,0
0.06125,318.15,0.6099749484,0.8,0.07706672784,0.1129583238,0
0.08,318.15,0.61253534,0.8,0.07403218963,0.1134324704,0
0.005,338.15,0.4093218084,0.8,0.2046228241,0.1860553675,0
0.02375,338.15,0.4832618043,0.8,0.09707373924,0.2196644565,0
0.0425,338.15,0.4931211096,0.8,0.0827329315,0.2241459589,0
0.06125,338.15,0.4970166246,0.8,0.07706672784,0.2259166475,0
0.08,338.15,0.4991028696,0.8,0.07403218963,0.2268649407,0
