sigma,case,acc_rtol005,acc_rtol01
0.0000,1,1.00,1.00
0.0000,2,1.00,1.00
0.0000,3,1.00,1.00
0.0000,4,1.00,1.00
0.0000,5,1.00,1.00
0.0000,6,1.00,1.00
0.0025,1,1.00,1.00
0.0025,2,1.00,1.00
0.0025,3,1.00,1.00
0.0025,4,1.00,1.00
0.0025,5,1.00,1.00
0.0025,6,1.00,1.00
0.0050,1,1.00,1.00
0.0050,2,1.00,1.00
0.0050,3,1.00,1.00
0.0050,4,1.00,1.00
0.0050,5,1.00,1.00
0.0050,6,1.00,1.00
0.0100,1,1.00,1.00
0.0100,2,1.00,1.00
0.0100,3,1.00,1.00
0.0100,4,1.00,1.00
0.0100,5,1.00,1.00
0.0100,6,1.00,1.00
0.0200,1,1.00,1.00
0.0200,2,1.00,1.00
0.0200,3,0.95,0.95
0.0200,4,1.00,1.00
0.0200,5,1.00,1.00
0.0200,6,1.00,1.00
