n,case,class_acc,shift_acc
50,1,1.00,1.00
50,2,1.00,1.00
50,3,0.85,1.00
50,4,1.00,1.00
50,5,1.00,1.00
50,6,1.00,0.00
100,1,1.00,1.00
100,2,1.00,1.00
100,3,1.00,1.00
100,4,1.00,1.00
100,5,1.00,1.00
100,6,1.00,0.05
200,1,1.00,1.00
200,2,1.00,1.00
200,3,1.00,1.00
200,4,1.00,1.00
200,5,1.00,1.00
200,6,1.00,0.05
500,1,1.00,1.00
500,2,1.00,1.00
500,3,1.00,1.00
500,4,1.00,1.00
500,5,1.00,1.00
500,6,1.00,0.25
1000,1,1.00,1.00
1000,2,1.00,1.00
1000,3,1.00,1.00
1000,4,1.00,1.00
1000,5,1.00,1.00
1000,6,1.00,0.20
3000,1,1.00,1.00
3000,2,1.00,1.00
3000,3,1.00,1.00
3000,4,1.00,1.00
3000,5,1.00,1.00
3000,6,1.00,0.35
