case,global,local,local_ci,Gamma,G_lo,G_hi,Gamma_top,Gt_lo,Gt_hi,Rrev_top,Rrev,R_lo,R_hi
S1,R0,R0,R0,0.0000,0.0000,0.0000,0.0002,0.0005,0.0010,0.0000,0.0000,0.0000,0.0000
S2,R1,R1,R1,0.0000,0.0000,0.0000,0.0002,0.0007,0.0015,0.0000,0.0000,0.0000,0.0000
S3,D2,D2,D2,0.0000,0.0001,0.0002,0.0004,0.0008,0.0019,0.8705,0.4811,0.4412,0.5044
S4,I3,I3,I3,0.9326,0.8750,0.9629,0.9176,0.7234,1.0344,0.5175,0.5287,0.5147,0.5491
S5,R1,R1,R1,0.0003,0.0003,0.0003,0.0027,0.0025,0.0040,0.0000,0.0000,0.0000,0.0000
S6,I3,I3,I3,0.9971,0.9488,1.0489,0.9205,0.7915,1.1165,0.3794,0.4890,0.4647,0.5071
Brayton B_T,D2,I3,I3,0.0249,0.0220,0.0274,0.1902,0.1367,0.2629,0.0455,0.0151,0.0130,0.0186
Brayton B_C,D2,I3,I3,0.0276,0.0258,0.0303,0.1080,0.0729,0.1458,0.0280,0.0190,0.0167,0.0210
Brayton T3 fixed B_T,R0,R0,R0,0.0001,0.0001,0.0004,0.0010,0.0011,0.0043,0.0000,0.0000,0.0000,0.0000
Brayton T3 fixed B_C,D2,R1,R1,0.0136,0.0126,0.0153,0.0066,0.0055,0.0100,0.0000,0.0083,0.0070,0.0108
Heat exchanger,I3,R1,R1,0.6587,0.5781,0.7178,0.0002,0.0006,0.0012,0.0000,0.1824,0.1643,0.2020
Solar tau-alpha,R0,R0,R0,0.0000,0.0000,0.0000,0.0002,0.0006,0.0009,0.0000,0.0000,0.0000,0.0000
Solar F_R tau-alpha,D2,I3,I3,0.0318,0.0281,0.0366,0.3993,0.2534,0.4932,0.0266,0.0262,0.0219,0.0294
Composite B_T,R0,R0,R0,0.0000,0.0000,0.0001,0.0005,0.0007,0.0025,0.0000,0.0000,0.0000,0.0000
Composite B_HS,I3,I3,I3,0.8123,0.7675,0.8689,0.4871,0.3769,0.6214,0.1884,0.4956,0.4647,0.5028
Composite span,I3,I3,I3,0.3928,0.3558,0.4275,0.4482,0.3471,0.5663,0.1891,0.2165,0.2033,0.2310
